Contour;Number ULD;ULD Final Destination;Weight (KGS);Pieces;Notes;Pallet Base Size;Baseplate Code;Posiciones Sugeridas;Posici√≥n Asignada;X-arm;Y-arm;Momento X;Momento Y;Bodega;Rotated
BULK;PMC393146R;MVD;1284,0;105,0;PEF;96x125;M;['52', '53'];53;50.002;0.0;64202.568;0.0;BULK;False
CL;PMH37019QT;EZE;5436,0;1,0;;96x125;M;['EF', 'FH', 'HJ', 'JK'];JK;35.438;0.0;192640.968;0.0;MD;False
LD;PMC393586R;MVD;1354,0;25,0;RSC UN3088 CAO RCM RFL RFS RMD RPB ELI;96x125;M;['12P', '13P', '21P', '22P', '31P', '32P', '41P', '42P'];41P;43.1;0.0;58357.4;0.0;LDA;False
LD;PMC40957QT;MVD;1290,0;9,0;;96x125;M;['12P', '13P', '21P', '22P', '31P', '32P', '41P', '42P'];12P;17.546;0.0;22634.34;0.0;LDF;False
LD;PMC41294QT;EZE;1544,0;7,0;PER;96x125;M;['12P', '13P', '21P', '22P', '31P', '32P', '41P', '42P'];21P;22.473;0.0;34698.312;0.0;LDF;False
LD;PMC41732QT;EZE;1324,0;16,0;RNG UN3164 71A RMD RCL ALE CRT;96x125;M;['AB', 'BC', 'CE', 'EF', 'FH', 'HJ', 'JK', 'KM', 'MP'];AB;16.235;0.0;21495.14;0.0;MD;False
LD;PMC42425QT;EZE;2562,0;22,0;RMD CAO RBI;96x125;M;['12P', '13P', '21P', '22P', '31P', '32P', '41P', '42P'];31P;37.958;0.0;97248.396;0.0;LDA;False
LD;PMC42576QT;EZE;2336,0;8,0;ELI CAO RCM;96x125;M;['12P', '13P', '21P', '22P', '31P', '32P', '41P', '42P'];22P;24.937;0.0;58252.832;0.0;LDF;False
LD;PMC43132QT;MVD;1536,0;19,0;ELI;96x125;M;['12P', '13P', '21P', '22P', '31P', '32P', '41P', '42P'];32P;40.421;0.0;62086.656;0.0;LDA;False
LD;PMC43277QT;EZE;3838,0;1,0;;96x125;M;['12P', '13P', '21P', '22P', '31P', '32P', '41P', '42P'];42P;45.36;0.0;174091.68;0.0;LDA;False
P9;PLA11358FF;MVD;918,0;6,0;CAO RFS RFW ROX UN1328 UN1426 UN1502;88x125;A;['11', '12', '13', '14', '21', '22', '23', '31', '32', '33', '41', '42', '43'];11;15.433;0.0;14167.494;0.0;LDF;False
PRL;PAJ207676R;EZE;1388,0;12,0;ELI;88x125;A;['PRL'];;;;;;;False
PRR;PAJ59627QT;EZE;1910,0;18,0;ELI;88x125;A;['PRR'];PRR;45.09;1.13;86121.9;2158.3;MD;False
RR;PMC390036R;EZE;1238,0;10,0;;96x125;M;['RR'];RR;47.922;0.0;59327.436;0.0;MD;False
SBS;PMC40780QT;MVD;1696,0;26,0;ELI;96x125;M;['ABR', 'ABR', 'ABL', 'ABL', 'BCR', 'BCR', 'BCL', 'BCL', 'CER', 'CER', 'CEL', 'CEL', 'EFR', 'EFR', 'EFL', 'EFL', 'FHR', 'FHR', 'FHL', 'FHL', 'HJR', 'HJR', 'HJL', 'HJL', 'JKR', 'JKR', 'JKL', 'JKL', 'KMR', 'KMR', 'KML', 'KML', 'MPR', 'MPR', 'MPL', 'MPL', 'PRR', 'PRR', 'PRL', 'PRL', 'ABR', 'ABR', 'ABL', 'ABL', 'BCR', 'BCR', 'BCL', 'BCL', 'CER', 'CER', 'CEL', 'CEL', 'EFR', 'EFR', 'EFL', 'EFL', 'FHL', 'FHL', 'HJL', 'HJL', 'JKR', 'JKR', 'JKL', 'JKL', 'KMR', 'KMR', 'KML', 'KML', 'MPR', 'MPR', 'MPL', 'MPL'];CER;22.636;1.232;38390.656;2089.472;MD;False
SBS;PMC40949QT;EZE;1824,0;14,0;;96x125;M;['ABL', 'ABL', 'BCR', 'BCR', 'BCL', 'BCL', 'CER', 'CER', 'CEL', 'CEL', 'EFR', 'EFR', 'EFL', 'EFL', 'FHR', 'FHR', 'FHL', 'FHL', 'HJR', 'HJR', 'HJL', 'HJL', 'JKR', 'JKR', 'JKL', 'JKL', 'KMR', 'KMR', 'KML', 'KML', 'MPR', 'MPR', 'MPL', 'MPL', 'PRR', 'PRR', 'PRL', 'PRL', 'ABL', 'ABL', 'BCR', 'BCR', 'BCL', 'BCL', 'CER', 'CER', 'CEL', 'CEL', 'EFR', 'EFR', 'EFL', 'EFL', 'FHL', 'FHL', 'HJL', 'HJL', 'JKR', 'JKR', 'JKL', 'JKL', 'KMR', 'KMR', 'KML', 'KML', 'MPR', 'MPR', 'MPL', 'MPL'];BCR;19.436;1.232;35451.264;2247.168;MD;False
SBS;PMC41100QT;EZE;1474,0;3,0;MACHO SIMPLE X IZQUIERDA ENTRA PRIMERO ELI;96x125;M;['ABR', 'ABR', 'ABL', 'ABL', 'BCR', 'BCR', 'BCL', 'BCL', 'CER', 'CER', 'CEL', 'CEL', 'EFR', 'EFR', 'EFL', 'EFL', 'FHR', 'FHR', 'FHL', 'FHL', 'HJR', 'HJR', 'HJL', 'HJL', 'JKR', 'JKR', 'JKL', 'JKL', 'KMR', 'KMR', 'KML', 'KML', 'MPR', 'MPR', 'MPL', 'MPL', 'PRR', 'PRR', 'PRL', 'PRL', 'ABR', 'ABR', 'ABL', 'ABL', 'BCR', 'BCR', 'BCL', 'BCL', 'CER', 'CER', 'CEL', 'CEL', 'EFR', 'EFR', 'EFL', 'EFL', 'FHL', 'FHL', 'HJL', 'HJL', 'JKR', 'JKR', 'JKL', 'JKL', 'KMR', 'KMR', 'KML', 'KML', 'MPR', 'MPR', 'MPL', 'MPL', '11L', '11R', '12L', '12R', '13L', '13R', '14L', '14R', '21L', '21R', '22L', '22R', '23L', '23R', '31L', '31R', '32L', '32R', '33L', '33R', '41L', '41R', '42L', '42R', '43L', '43R'];14L;20.36;0.806;30010.64;1188.044;LDF;False
SBS;PMC41689QT;EZE;1616,0;19,0;ELI;96x125;M;['ABR', 'ABR', 'ABL', 'ABL', 'BCR', 'BCR', 'BCL', 'BCL', 'CER', 'CER', 'CEL', 'CEL', 'EFR', 'EFR', 'EFL', 'EFL', 'FHR', 'FHR', 'FHL', 'FHL', 'HJR', 'HJR', 'HJL', 'HJL', 'JKR', 'JKR', 'JKL', 'JKL', 'KMR', 'KMR', 'KML', 'KML', 'MPR', 'MPR', 'MPL', 'MPL', 'PRR', 'PRR', 'PRL', 'PRL', 'ABR', 'ABR', 'ABL', 'ABL', 'BCR', 'BCR', 'BCL', 'BCL', 'CER', 'CER', 'CEL', 'CEL', 'EFR', 'EFR', 'EFL', 'EFL', 'FHL', 'FHL', 'HJL', 'HJL', 'JKR', 'JKR', 'JKL', 'JKL', 'KMR', 'KMR', 'KML', 'KML', 'MPR', 'MPR', 'MPL', 'MPL'];CEL;22.636;-1.232;36579.776;-1990.912;MD;False
SBS;PMC41940QT;EZE;2182,0;12,0;0794 2PZ;96x125;M;['ABL', 'ABL', 'BCR', 'BCR', 'CEL', 'CEL', 'EFR', 'EFR', 'EFL', 'EFL', 'FHR', 'FHR', 'FHL', 'FHL', 'HJR', 'HJR', 'HJL', 'HJL', 'JKR', 'JKR', 'JKL', 'JKL', 'KMR', 'KMR', 'KML', 'KML', 'MPR', 'MPR', 'MPL', 'MPL', 'PRR', 'PRR', 'PRL', 'PRL', 'ABL', 'ABL', 'BCR', 'BCR', 'CEL', 'CEL', 'EFR', 'EFR', 'EFL', 'EFL', 'FHL', 'FHL', 'HJL', 'HJL', 'JKR', 'JKR', 'JKL', 'JKL', 'KMR', 'KMR', 'KML', 'KML', 'MPR', 'MPR', 'MPL', 'MPL'];MPR;41.864;1.232;91347.248;2688.224;MD;False
SBS;PMC42263QT;EZE;1590,0;11,0;ELI;96x125;M;['ABR', 'ABR', 'ABL', 'ABL', 'BCR', 'BCR', 'BCL', 'BCL', 'CER', 'CER', 'CEL', 'CEL', 'EFR', 'EFR', 'EFL', 'EFL', 'FHR', 'FHR', 'FHL', 'FHL', 'HJR', 'HJR', 'HJL', 'HJL', 'JKR', 'JKR', 'JKL', 'JKL', 'KMR', 'KMR', 'KML', 'KML', 'MPR', 'MPR', 'MPL', 'MPL', 'PRR', 'PRR', 'PRL', 'PRL', 'ABR', 'ABR', 'ABL', 'ABL', 'BCR', 'BCR', 'BCL', 'BCL', 'CER', 'CER', 'CEL', 'CEL', 'EFR', 'EFR', 'EFL', 'EFL', 'FHL', 'FHL', 'HJL', 'HJL', 'JKR', 'JKR', 'JKL', 'JKL', 'KMR', 'KMR', 'KML', 'KML', 'MPR', 'MPR', 'MPL', 'MPL'];PRL;45.09;-1.13;71693.1;-1796.7;MD;False
SBS;PMC42438QT;EZE;2662,0;6,0;ELI;96x125;M;['BCR', 'BCR', 'CEL', 'CEL', 'EFR', 'EFR', 'EFL', 'EFL', 'FHR', 'FHR', 'FHL', 'FHL', 'HJR', 'HJR', 'HJL', 'HJL', 'JKR', 'JKR', 'JKL', 'JKL', 'KMR', 'KMR', 'MPL', 'MPL', 'PRR', 'PRR', 'BCR', 'BCR', 'CEL', 'CEL', 'EFR', 'EFR', 'EFL', 'EFL', 'FHL', 'FHL', 'HJL', 'HJL', 'JKR', 'JKR', 'JKL', 'JKL', 'KMR', 'KMR', 'MPL', 'MPL'];MPL;41.864;-1.232;111441.968;-3279.584;MD;False
SBS;PMC42490QT;EZE;1732,0;8,0;RNG RCL;96x125;M;['AB', 'BC', 'CE', 'EF', 'FH', 'HJ', 'JK', 'KM', 'MP'];EF;25.836;0.0;44747.952;0.0;MD;False
SBS;PMC42577QT;MVD;1684,0;34,0;ELI;96x125;M;['ABR', 'ABR', 'ABL', 'ABL', 'BCR', 'BCR', 'BCL', 'BCL', 'CER', 'CER', 'CEL', 'CEL', 'EFR', 'EFR', 'EFL', 'EFL', 'FHR', 'FHR', 'FHL', 'FHL', 'HJR', 'HJR', 'HJL', 'HJL', 'JKR', 'JKR', 'JKL', 'JKL', 'KMR', 'KMR', 'KML', 'KML', 'MPR', 'MPR', 'MPL', 'MPL', 'PRR', 'PRR', 'PRL', 'PRL', 'ABR', 'ABR', 'ABL', 'ABL', 'BCR', 'BCR', 'BCL', 'BCL', 'CER', 'CER', 'CEL', 'CEL', 'EFR', 'EFR', 'EFL', 'EFL', 'FHL', 'FHL', 'HJL', 'HJL', 'JKR', 'JKR', 'JKL', 'JKL', 'KMR', 'KMR', 'KML', 'KML', 'MPR', 'MPR', 'MPL', 'MPL'];KML;38.638;-1.232;65066.392;-2074.688;MD;False
SBS;PMC42715QT;MVD;2456,0;34,0;ELI;96x125;M;['ABL', 'ABL', 'BCR', 'BCR', 'CEL', 'CEL', 'EFR', 'EFR', 'EFL', 'EFL', 'FHR', 'FHR', 'FHL', 'FHL', 'HJR', 'HJR', 'HJL', 'HJL', 'JKR', 'JKR', 'JKL', 'JKL', 'KMR', 'KMR', 'KML', 'KML', 'MPL', 'MPL', 'PRR', 'PRR', 'ABL', 'ABL', 'BCR', 'BCR', 'CEL', 'CEL', 'EFR', 'EFR', 'EFL', 'EFL', 'FHL', 'FHL', 'HJL', 'HJL', 'JKR', 'JKR', 'JKL', 'JKL', 'KMR', 'KMR', 'KML', 'KML', 'MPL', 'MPL'];FHR;29.037;1.232;71314.872;3025.792;MD;False
SBS;PMC42836QT;MVD;1920,0;49,0;ICE ELI;96x125;M;['ABL', 'ABL', 'BCR', 'BCR', 'BCL', 'BCL', 'CER', 'CER', 'CEL', 'CEL', 'EFR', 'EFR', 'EFL', 'EFL', 'FHR', 'FHR', 'FHL', 'FHL', 'HJR', 'HJR', 'HJL', 'HJL', 'JKR', 'JKR', 'JKL', 'JKL', 'KMR', 'KMR', 'KML', 'KML', 'MPR', 'MPR', 'MPL', 'MPL', 'PRR', 'PRR', 'PRL', 'PRL', 'ABL', 'ABL', 'BCR', 'BCR', 'BCL', 'BCL', 'CER', 'CER', 'CEL', 'CEL', 'EFR', 'EFR', 'EFL', 'EFL', 'FHL', 'FHL', 'HJL', 'HJL', 'JKR', 'JKR', 'JKL', 'JKL', 'KMR', 'KMR', 'KML', 'KML', 'MPR', 'MPR', 'MPL', 'MPL'];KMR;38.638;1.232;74184.96;2365.44;MD;False
SBS;PMC42892QT;MVD;500,0;1,0;;96x125;M;['ABR', 'ABR', 'ABL', 'ABL', 'BCR', 'BCR', 'BCL', 'BCL', 'CER', 'CER', 'CEL', 'CEL', 'EFR', 'EFR', 'EFL', 'EFL', 'FHR', 'FHR', 'FHL', 'FHL', 'HJR', 'HJR', 'HJL', 'HJL', 'JKR', 'JKR', 'JKL', 'JKL', 'KMR', 'KMR', 'KML', 'KML', 'MPR', 'MPR', 'MPL', 'MPL', 'PRR', 'PRR', 'PRL', 'PRL', 'ABR', 'ABR', 'ABL', 'ABL', 'BCR', 'BCR', 'BCL', 'BCL', 'CER', 'CER', 'CEL', 'CEL', 'EFR', 'EFR', 'EFL', 'EFL', 'FHL', 'FHL', 'HJL', 'HJL', 'JKR', 'JKR', 'JKL', 'JKL', 'KMR', 'KMR', 'KML', 'KML', 'MPR', 'MPR', 'MPL', 'MPL', '11L', '11R', '12L', '12R', '13L', '13R', '14L', '14R', '21L', '21R', '22L', '22R', '23L', '23R', '31L', '31R', '32L', '32R', '33L', '33R', '41L', '41R', '42L', '42R', '43L', '43R'];;;;;;;False
SBS;PMC43388QT;EZE;2022,0;12,0;ELI;96x125;M;['ABL', 'ABL', 'BCR', 'BCR', 'BCL', 'BCL', 'CER', 'CER', 'CEL', 'CEL', 'EFR', 'EFR', 'EFL', 'EFL', 'FHR', 'FHR', 'FHL', 'FHL', 'HJR', 'HJR', 'HJL', 'HJL', 'JKR', 'JKR', 'JKL', 'JKL', 'KMR', 'KMR', 'KML', 'KML', 'MPR', 'MPR', 'MPL', 'MPL', 'PRR', 'PRR', 'PRL', 'PRL', 'ABL', 'ABL', 'BCR', 'BCR', 'BCL', 'BCL', 'CER', 'CER', 'CEL', 'CEL', 'EFR', 'EFR', 'EFL', 'EFL', 'FHL', 'FHL', 'HJL', 'HJL', 'JKR', 'JKR', 'JKL', 'JKL', 'KMR', 'KMR', 'KML', 'KML', 'MPR', 'MPR', 'MPL', 'MPL'];FHL;29.037;-1.232;58712.814;-2491.104;MD;False
SBS;PMC43465QT;EZE;1200,0;12,0;PER ICE;96x125;M;['ABR', 'ABR', 'ABL', 'ABL', 'BCR', 'BCR', 'BCL', 'BCL', 'CER', 'CER', 'CEL', 'CEL', 'EFR', 'EFR', 'EFL', 'EFL', 'FHR', 'FHR', 'FHL', 'FHL', 'HJR', 'HJR', 'HJL', 'HJL', 'JKR', 'JKR', 'JKL', 'JKL', 'KMR', 'KMR', 'KML', 'KML', 'MPR', 'MPR', 'MPL', 'MPL', 'PRR', 'PRR', 'PRL', 'PRL', 'ABR', 'ABR', 'ABL', 'ABL', 'BCR', 'BCR', 'BCL', 'BCL', 'CER', 'CER', 'CEL', 'CEL', 'EFR', 'EFR', 'EFL', 'EFL', 'FHL', 'FHL', 'HJL', 'HJL', 'JKR', 'JKR', 'JKL', 'JKL', 'KMR', 'KMR', 'KML', 'KML', 'MPR', 'MPR', 'MPL', 'MPL', '11L', '11R', '12L', '12R', '13L', '13R', '14L', '14R', '21L', '21R', '22L', '22R', '23L', '23R', '31L', '31R', '32L', '32R', '33L', '33R', '41L', '41R', '42L', '42R', '43L', '43R'];BCL;19.436;-1.232;23323.2;-1478.4;MD;False
SBS;PMC43975QT;EZE;1308,0;4,0;HEMBRA DEL MACHO SIMPLE X IZQUIERDA ENTRA ULTIMO;96x125;M;['ABR', 'ABR', 'ABL', 'ABL', 'BCR', 'BCR', 'BCL', 'BCL', 'CER', 'CER', 'CEL', 'CEL', 'EFR', 'EFR', 'EFL', 'EFL', 'FHR', 'FHR', 'FHL', 'FHL', 'HJR', 'HJR', 'HJL', 'HJL', 'JKR', 'JKR', 'JKL', 'JKL', 'KMR', 'KMR', 'KML', 'KML', 'MPR', 'MPR', 'MPL', 'MPL', 'PRR', 'PRR', 'PRL', 'PRL', 'ABR', 'ABR', 'ABL', 'ABL', 'BCR', 'BCR', 'BCL', 'BCL', 'CER', 'CER', 'CEL', 'CEL', 'EFR', 'EFR', 'EFL', 'EFL', 'FHL', 'FHL', 'HJL', 'HJL', 'JKR', 'JKR', 'JKL', 'JKL', 'KMR', 'KMR', 'KML', 'KML', 'MPR', 'MPR', 'MPL', 'MPL', '11L', '11R', '12L', '12R', '13L', '13R', '14L', '14R', '21L', '21R', '22L', '22R', '23L', '23R', '31L', '31R', '32L', '32R', '33L', '33R', '41L', '41R', '42L', '42R', '43L', '43R'];14R;20.36;-0.806;26630.88;-1054.248;LDF;False
SBS;PMC44150QT;EZE;2106,0;18,0;0794 1PZ;96x125;M;['ABL', 'ABL', 'BCR', 'BCR', 'CEL', 'CEL', 'EFR', 'EFR', 'EFL', 'EFL', 'FHR', 'FHR', 'FHL', 'FHL', 'HJR', 'HJR', 'HJL', 'HJL', 'JKR', 'JKR', 'JKL', 'JKL', 'KMR', 'KMR', 'KML', 'KML', 'MPR', 'MPR', 'MPL', 'MPL', 'PRR', 'PRR', 'PRL', 'PRL', 'ABL', 'ABL', 'BCR', 'BCR', 'CEL', 'CEL', 'EFR', 'EFR', 'EFL', 'EFL', 'FHL', 'FHL', 'HJL', 'HJL', 'JKR', 'JKR', 'JKL', 'JKL', 'KMR', 'KMR', 'KML', 'KML', 'MPR', 'MPR', 'MPL', 'MPL'];HJR;32.237;1.232;67891.122;2594.592;MD;False
SS;PMC41347QT;EZE;1700,0;7,0;ELI;96x125;M;['SS'];SS;50.385;0.0;85654.5;0.0;MD;False
TT;PMC41138QT;EZE;1054,0;2,0;;96x125;M;['TT'];TT;52.849;0.0;55702.846;0.0;MD;False
;FlightWayKit;EZE;450,0;0,0;Flight Way Kit;FAK;FAK;['52', '53'];52;47.957;0.0;21580.65;0.0;BULK;False
